<?xml version="1.0" encoding="UTF-8"?>

<module xmlns="urn:jboss:module:1.2" name="org.apache.tika" slot="1.4">
    <resources>
        <resource-root path="hamcrest-core-1.1.jar" />
        <resource-root path="aspectjrt-1.6.11.jar" />
        <resource-root path="tagsoup-1.2.1.jar" />
        <resource-root path="commons-codec-1.5.jar" />
        <resource-root path="bcmail-jdk15-1.45.jar" />
        <resource-root path="objenesis-1.0.jar" />
        <resource-root path="xmpcore-5.1.2.jar" />
        <resource-root path="mockito-core-1.7.jar" />
        <resource-root path="isoparser-1.0-RC-1.jar" />
        <resource-root path="junit-4.10.jar" />
        <resource-root path="poi-scratchpad-3.9.jar" />
        <resource-root path="xml-apis-1.3.03.jar" />
        <resource-root path="juniversalchardet-1.0.3.jar" />
        <resource-root path="commons-compress-1.5.jar" />
        <resource-root path="dom4j-1.6.1.jar" />
        <resource-root path="poi-ooxml-3.9.jar" />
        <resource-root path="slf4j-log4j12-1.5.6.jar" />
        <resource-root path="org.osgi.core-4.0.0.jar" />
        <resource-root path="metadata-extractor-2.6.2.jar" />
        <resource-root path="vorbis-java-core-0.1.jar" />
        <resource-root path="org.apache.felix.scr.annotations-1.6.0.jar" />
        <resource-root path="slf4j-api-1.5.6.jar" />
        <resource-root path="log4j-1.2.14.jar" />
        <resource-root path="tika-core-1.4.jar" />
        <resource-root path="geronimo-stax-api_1.0_spec-1.0.1.jar" />
        <resource-root path="poi-ooxml-schemas-3.9.jar" />
        <resource-root path="apache-mime4j-core-0.7.2.jar" />
        <resource-root path="asm-debug-all-4.1.jar" />
        <resource-root path="poi-3.9.jar" />
        <resource-root path="boilerpipe-1.1.0.jar" />
        <resource-root path="jempbox-1.8.1.jar" />
        <resource-root path="xercesImpl-2.8.1.jar" />
        <!-- tika-parser depends on 0.9, but the jar in central appears to be corrupt -->
        <resource-root path="rome-1.0.jar" />
        <resource-root path="xz-1.2.jar" />
        <resource-root path="xmlbeans-2.3.0.jar" />
        <resource-root path="fontbox-1.8.1.jar" />
        <resource-root path="commons-logging-1.1.1.jar" />
        <resource-root path="bcprov-jdk15-1.45.jar" />
        <resource-root path="vorbis-java-tika-0.1.jar" />
        <resource-root path="apache-mime4j-dom-0.7.2.jar" />
        <resource-root path="netcdf-4.2-min.jar" />
        <resource-root path="vorbis-java-core-0.1-tests.jar" />
        <resource-root path="pdfbox-1.8.1.jar" />
    </resources>
    <dependencies>
        <module name="javax.api" export="true"/>
        <module name="org.apache.commons.logging" />
    </dependencies>
</module>
